dt, discretization, error
0.5, EM, 0.067415327
0.5, Milstein, 0.067400812
0.25, EM, 0.032831548
0.25, Milstein, 0.032808255
0.125, EM, 0.016889653
0.125, Milstein, 0.016912199
0.0625, EM, 0.0087586366
0.0625, Milstein, 0.0087631568
